id,tag
1,3d cue
2,3d reconstruction
3,3d reconstruction multiple image
4,3dflow
5,5dx
6,a.l.i.c.e
7,absolute shrinkage selection operator lasso
8,abstraction base summarization
9,accord.net
10,accuracy paradox
11,action model learning
12,action selection
13,activation function
14,active appearance model aam
15,active contour
16,active learning
17,activity recognition
18,adaboost
19,adaline
20,adaptive filtering
21,adaptive neuro fuzzy inference system
22,adaptive resonance theory
23,additive smoothing
24,adjust mutual information
25,adversarial machine learning
26,affective computing
27,affine invariant feature detection
28,affine shape adaptation
29,affine transform
30,affix grammar finite lattice
31,afnlp
32,agent architecture
33,aggregation linguistic
34,ai algorithm
35,ai box
36,ai complete
37,ai effect
38,ai takeover
39,ai winter
40,ai_and_the_future
41,ai_application
42,ai_development
43,ai_hazards_and_safety
44,ai_project
45,aibo
46,aid summarization
47,aika
48,aiva
49,aixi
50,albert
51,alberto broggi
52,alchemyapi
53,alexnet
54,algorithm
55,algorithm selection
56,algorithmic inference
57,algorithmic learning theory
58,algorithmic probability
59,alignment
60,allen
61,almeida pineda recurrent backpropagation
62,alopex
63,alphago
64,alphago zero
65,alternate decision tree
66,amazon alexa
67,amazon machine learning
68,analogical modeling
69,anaphora
70,anaphora resolution
71,andrei knyazev
72,andrew mccallum
73,andrew ng
74,android eye object recognition
75,angle regression lar
76,anisotropic diffusion perona malik equation
77,anne eat
78,annual conference north american chapter association computational linguistic naacl
79,annual meeting association computational linguistic acl
80,anomaly detection
81,anorama stitching
82,anova
83,ant colony optimization
84,ant colony optimization algorithm
85,anthony levandowski
86,anti unification
87,anuraag jain
88,aode
89,apache flume
90,apache giraph
91,apache mahout
92,apache opennlp
93,apache singa
94,apache spark
95,apache systemml
96,apertium
97,aphelion
98,aphelion software
99,appearance base method
100,application
101,application machine learning
102,application nlp
103,apply linguistic
104,apprenticeship learn
105,approach
106,apriori algorithm
107,arabic speech corpus
108,archetypal analysis
109,architecture
110,ariane
111,armin b. cremer
112,arthur zimek
113,articulate body pose estimation bopoe
114,artificial ant
115,artificial bee colony algorithm
116,artificial brain
117,artificial consciousness
118,artificial creativity
119,artificial development
120,artificial general intelligence
121,artificial immune system
122,artificial intelligence
123,artificial intelligence arm race
124,artificial intelligence global catastrophic risk
125,artificial intelligence law
126,artificial intelligence security aisec co locate workshop ccs
127,artificial intelligence system integration
128,artificial life
129,artificial neural network
130,artificial neural network deep learning especially convolutional neural network
131,artificial psycology
132,asilomar conference beneficial ai
133,asimo
134,aspect feature
135,assistant
136,association computational linguistic
137,association rule
138,association rule learn
139,association rule learn algorithm
140,astrostatistic
141,audio visual speech recognition
142,augment reality
143,augment reality assist surgery
144,australasian language technology association
145,auto encoder
146,automate essay scoring
147,automate mathematician
148,automate optical inspection
149,automate parking system
150,automate planning scheduling
151,automate reasoning
152,automatic acquisition lexicon
153,automatic acquisition sense tag corpora
154,automatic document classification
155,automatic image annotation
156,automatic language identification
157,automatic number plate recognition
158,automatic summarization
159,automatic target recognition
160,automatic taxonomy construction
161,automatic taxonomy induction
162,automation
163,automatix
164,autonomic computing
165,autonomic networking
166,autonomous agent
167,autonomous car
168,average dependence estimator
169,average dependence estimator aode
170,axiomatic theory receptive field
171,ayanna howard
172,backfed input cell
173,backprojection
174,backpropagation
175,backward chaining
176,bag error
177,bag word model
178,bag word representation
179,balanced clustering
180,ball tree
181,bank english
182,barney pell
183,base rate
184,bat algorithm
185,baum welch algorithm
186,bayesian
187,bayesian belief network bbn
188,bayesian hierarchical modeling
189,bayesian interpretation kernel regularization
190,bayesian knowledge base
191,bayesian network
192,bayesian network bn
193,bayesian optimization
194,bayesian statistic
195,bayesian structural time series
196,bee algorithm
197,behavior base ai
198,behavior base robotic
199,behavioral clustering
200,belief network
201,ben goertzel
202,ben taskar
203,bernhard scholkopf
204,bernoulli scheme
205,bias variance dilemma
206,bias variance tradeoff
207,bicluster
208,bigram
209,bilingualism multilingualism
210,binarization consensus partition matrix
211,binary classification
212,binary classifier
213,bing predict
214,bingham distribution
215,bio inspire computing
216,biogeography base optimization
217,biologically inspire computing
218,biologically inspire object recognition
219,biomedical informatic
220,biomedical text mining
221,biplot
222,birch
223,blackboard system
224,blob detection
225,blue brain project
226,boltzmann machine
227,bond theorem
228,bongard problem
229,boost
230,bootstrap aggregating
231,bootstrap aggregating bag
232,boris
233,bradley terry model
234,brain emotional learning base intelligent controller
235,braina
236,branch computer vision
237,branch machine learning
238,brian d. ripley
239,british national corpus
240,brown clustering
241,brownboost
242,bundle adjustment
243,burst error
244,c4.5 algorithm
245,c5.0 algorithm
246,cache language model
247,caffe
248,calai reuter product
249,calibration
250,canny
251,canonical correlation analysis cca
252,canonical correspondence analysis
253,canopy clustering algorithm
254,cascading classifier
255,case base reasoning
256,category utility
257,causal markov condition
258,cbcl mit
259,cell
260,cellcognition
261,cellular evolutionary algorithm
262,chaos theory
263,charlix
264,chasen mecab
265,chatscript
266,chatterbot
267,check weigher
268,chi square automatic interaction detection
269,chi squared automatic interaction detection chaid
270,chinese room
271,christopher g. atkeson
272,chromosome
273,ciml community portal
274,clarifai
275,class classification
276,classic monolingual wsd
277,classical approach machine translation rule base machine translation
278,classifi chain
279,classification
280,classification regression tree cart
281,classifier
282,claude chatterbot
283,clearfor
284,cleverbot
285,clinical decision support system
286,clonal selection algorithm
287,closed circuit television
288,cluster
289,cluster analysis
290,cluster high dimensional datum
291,cluster weight modeling
292,clustering illusion
293,cma es
294,cmu pronounce dictionary
295,cmu sphinx speech recognition system
296,cn2 algorithm
297,cntk
298,co training
299,coboost
300,cobweb
301,codebook generation
302,cog
303,cogcompnlp
304,cognex corporation
305,cognitive
306,cognitive architecture
307,cognitive assistant learn organize
308,cognitive computer
309,cognitive robotic
310,cognitive science
311,collaborative filtering
312,collostructional analysis
313,color appearance model
314,color management system
315,color mapping
316,color matching function
317,color model
318,color profile
319,color space
320,color vision
321,comb method
322,commercial computer vision system
323,common method variance
324,commonsense reasoning
325,comparison machine translation application
326,competitive learning
327,complete linkage clustering
328,component process nlp
329,compound term processing
330,computational creativity
331,computational humor
332,computational learning theory
333,computational linguistic
334,computational semantic
335,computer
336,computer assist proof
337,computer assist translation
338,computer audition
339,computer automate design
340,computer chess
341,computer game bot
342,computer mediate communication
343,computer stereo vision
344,computer vision
345,computer vision company
346,computer vision subsystem
347,concept class
348,concept drift
349,concept learning
350,concept mining
351,conceptual clustering
352,conceptual dependency theory
353,conditional decision tree
354,conditional random field
355,conditional random field crf
356,conference artificial general intelligence
357,conference knowledge discovery datum mining
358,conference neural information processing system nip
359,confirmatory factor analysis
360,confusion matrix
361,congruence coefficient
362,connect
363,consensus clustering
364,constrain clustering
365,constrain conditional model
366,constraint grammar cg
367,construct skill tree
368,constructive cooperative coevolution
369,content base filtering
370,content base image indexing
371,content base image retrieval
372,content determination
373,context
374,context free grammar cfg
375,context free language
376,contextual image classification
377,contour detection
378,contrastive linguistic
379,control natural language
380,control system
381,converseon
382,convolutional cell
383,convolutional inverse graphic network
384,convolutional neural network
385,coreference resolution
386,corenlp
387,corinna corte
388,corner detection
389,corpus
390,corpus contemporary american english
391,corpus linguistic
392,corpus processing
393,correlation clustering
394,correspondence analysis
395,cortana
396,cortica
397,couple pattern learner
398,cronus bot innovative solution
399,cross correlation
400,cross disciplinary field involve machine learning
401,cross entropy method
402,cross language information retrieval
403,cross validation
404,crossover
405,ctake
406,cubic.ai
407,cuckoo search
408,cultural algorithm
409,cultural consensus theory
410,cure datum cluster algorithm
411,curse dimensionality
412,curvelet
413,customer relationship management
414,cybernetic
415,cyborg
416,dadisp
417,darkfor
418,darpa lagr program
419,dartmouth workshop
420,darwin machine
421,darwintune
422,data exploration
423,data stream cluster
424,dataiku
425,datr
426,datum augmentation
427,datum mining
428,datum mining extension
429,datum pre processing
430,davy bouldin index
431,dbpedia spotlight
432,dbscan
433,decision boundary
434,decision list
435,decision stump
436,decision support system
437,decision tree
438,decision tree algorithm
439,decision tree learn
440,decision tree model
441,deconvolutional network
442,deductive classifier
443,deep belief network
444,deep boltzmann machine dbm
445,deep feed forward
446,deep learning
447,deep linguistic processing
448,deep web technology
449,deepart
450,deepdream
451,deepl
452,deeplearning4j
453,deepmind
454,define length
455,definite clause grammar dcg
456,deformable model
457,dehaene changeux model
458,delph
459,demis hassabis
460,dendrogram
461,denois auto encoder
462,dependability state model
463,deriche
464,description logic
465,detailed balance
466,determinant hessian doh
467,determine number cluster data set
468,detrend correspondence analysis
469,developmental robotic
470,diagnosis artificial intelligence
471,dialog system
472,diffbot
473,difference estimator
474,difference gaussian dog
475,differential
476,differential evolution
477,diffusion map
478,digital video fingerprinting
479,dimensionality reduction
480,direct linear transformation dlt
481,discard low contrast keypoint
482,discourse analysis
483,discourse relation
484,discrete phase type distribution
485,discriminative model
486,dissociate press
487,distbelief
488,distinguo
489,distribute r
490,distribution learning theory
491,distributional semantic
492,divide conquer search
493,dkpro core
494,dlib
495,dmap
496,document classification
497,document hate
498,document mosaicing
499,document structuring
500,document summarization
501,document term matrix
502,domain adaptation
503,dominance base rough set approach
504,doubly stochastic model
505,dougla lenat
506,dr sbaitso
507,dragomir r. radev
508,dual phase evolution
509,dunn index
510,dynamic bayesian network
511,dynamic markov compression
512,dynamic time warping
513,dynamic topic model
514,dynamic unobserved effect model
515,e mail spam filtering
516,eager learning
517,early cybernetic brain simulation
518,easible match
519,echo state network
520,eclat algorithm
521,ecml pkdd
522,edge detection
523,edge linking
524,edge recombination operator
525,edlut
526,effective fitness
527,eigenface
528,elastic map
529,elastic matching
530,elastic net
531,elbot
532,elbow method
533,eliminate edge response
534,eliza
535,elki
536,email filtering
537,embody agent
538,embody cognition
539,embody cognitive science
540,emergent
541,empirical risk minimization
542,encog
543,end end reinforcement learning
544,end language learning
545,ensemble averaging
546,ensemble classifier
547,ensemble learning
548,entropy rate
549,epigenetic robotic
550,epipolar geometry
551,eric xing
552,erkki oja
553,ernst dickmann
554,error drive learning
555,error tolerance
556,etap-3
557,etblast
558,ethic artificial intelligence
559,eugene goostman
560,eurisko
561,european conference artificial intelligence
562,evaluation binary classifier
563,evolution strategy
564,evolution window
565,evolutionary algorithm
566,evolutionary algorithm landmark detection
567,evolutionary art
568,evolutionary computation
569,evolutionary multimodal optimization
570,evolutionary music
571,evolutionary programming
572,evolutionary robotic
573,evolvability
574,evolve antenna
575,evolve classification function
576,evolver
577,example base machine translation
578,existential risk advanced artificial intelligence
579,expectation maximization algorithm
580,expectation maximization em
581,expectation propagation
582,expert system
583,explanation base learning
584,explicit implicit 3d object model
585,explicit semantic analysis
586,exploratory factor analysis
587,extraction base summarization
588,extreme learning machine
589,f1 score
590,face detection
591,face recognition
592,facial recognition system
593,factor analysis
594,factor analysis mixed datum
595,factor graph
596,factor regression model
597,factored language model
598,farth traversal
599,fast
600,fast frugal tree
601,fast indexing
602,fastica
603,feasible match
604,feature
605,feature base method
606,feature description
607,feature detection
608,feature engineering
609,feature extraction
610,feature hashing
611,feature learning
612,feature representation
613,feature scaling
614,feature selection
615,feature selection toolbox
616,feature vector
617,feed forward
618,feedforward neural network
619,festival speech synthesis system
620,filter bank
621,filter pop recursive transition network
622,filtering fourier wavelet transform image compression
623,firefly algorithm
624,fish school search
625,fisher kernel
626,fisher linear discriminant
627,fitness approximation
628,fitness function
629,fitness proportionate selection
630,flame clustering
631,fluentd
632,folding@home
633,foreign language reading aid
634,foreign language writing aid
635,forensic linguistic
636,formal concept analysis
637,forward algorithm
638,forward backward algorithm
639,fowlke mallow index
640,fp growth algorithm
641,fr
642,frame problem
643,frederick jelinek
644,freel
645,friendly ai
646,frrole
647,functional principal component analysis
648,functional unification grammar fug
649,fundamental matrix
650,further_ai_element
651,fuzzy clustering
652,fuzzy system
653,gabor filter
654,game artificial intelligence
655,game theory
656,gamma correction
657,gary bryce fogel
658,gate recurrent unit
659,gatto
660,gaussian adaptation
661,gaussian filter
662,gaussian naive baye
663,gaussian process
664,gaussian process emulator
665,gaussian process regression
666,gazopa
667,gene expression programming
668,gene prediction
669,general architecture text engineering
670,general architecture text engineering gate
671,general game playing
672,general natural language processing concept
673,general video game playing
674,generalization error
675,generalize canonical correlation
676,generalize filtering
677,generalize hough transform
678,generalize iterative scaling
679,generalize multidimensional scaling
680,generalize phrase structure grammar gpsg
681,generalize structure tensor
682,generative adversarial network
683,generative model
684,generative topographic map
685,generec
686,generif
687,genetic algorithm
688,genetic algorithm economic
689,genetic algorithm rule set production
690,genetic algorithm scheduling
691,genetic fuzzy system
692,genetic memory
693,genetic operator
694,genetic programming
695,genetic representation
696,gensim
697,geoffrey hinton
698,geographical cluster
699,geometric constraint
700,geometric feature learning
701,geometric hashing
702,gesture description language
703,gesture recognition
704,geworkbench
705,glimmer
706,global robot localization
707,global scene representation
708,gloh
709,glossary artificial intelligence
710,glottochronology
711,glove
712,gofai
713,golem ilp
714,good old fashioned ai
715,google
716,google assistant
717,google brain
718,google deepmind
719,google matrix
720,google ngram viewer
721,google translate
722,googlyminotaur
723,gorn address
724,gradient boost decision tree gbdt
725,gradient boost machine gbm
726,gradient histogram
727,gradient matching
728,graft
729,gramian matrix
730,grammar
731,grammar checker
732,grammar checking
733,grammar induction
734,grammar system theory
735,grammatical evolution
736,grammatik
737,granular computing
738,graph base method
739,graph cut segmentation
740,graph kernel
741,graphic processing unit
742,graphical model
743,graphlab
744,gremlin
745,greyscale matching
746,group
747,group method datum handling gmdh
748,grow self organize map
749,growth function
750,h2o
751,haar like feature
752,haar wavelet response
753,hammersley clifford theorem
754,han peter kriegel
755,handwriting recognition
756,harmony search
757,harris affine
758,harris operator
759,hartmut neven
760,hashing trick
761,head drive phrase structure grammar hpsg
762,hebbian theory
763,heikki mannila
764,hessian affine
765,hessian feature strength measure
766,hexq
767,hide cell
768,hide markov model
769,hide markov model hmm
770,hide markov random field
771,hide semi markov model
772,hierarchical classifier
773,hierarchical clustering
774,hierarchical control system
775,hierarchical hidden markov model
776,hierarchical temporal memory
777,high order factor analysis
778,highway network
779,hindi punjabi machine translation system
780,hinge loss
781,histogram equalization
782,histogram receptive field response
783,history computer vision
784,history machine learning
785,history machine translation
786,history natural language processing
787,history optical character recognition
788,history_of_artificial_intelligence
789,hive mind
790,hog
791,hollan schema theorem
792,homography computer vision
793,hopfield network
794,hopkin statistic
795,hoshen kopelman algorithm
796,hough transform
797,hough transform voting
798,huber loss
799,human aid machine summarization ham
800,human brain project
801,human computer interaction
802,human enhacement
803,human language technology
804,human visual system model
805,humant humanoid ant algorithm
806,hybrid intelligent system
807,hybrid neural network
808,hybrid recommender system
809,hyper basis function network
810,hyperparameter
811,hyponymy hypernymy
812,hypothesize
813,hypothesize test
814,ian goodfellow
815,ibm machine learn hub
816,ibm watson group
817,id3 algorithm
818,idistance
819,ilastik
820,ilya sutskever
821,image base modeling rendering
822,image collection exploration
823,image compression
824,image denoising
825,image enhancement
826,image histogram
827,image panorama
828,image processing
829,image pyramid
830,image recognition
831,image retrieval
832,image segmentation
833,image watermarking
834,imense
835,immunocomput
836,imperialist competitive algorithm
837,implementation detail
838,inauthentic text
839,incremental decision tree
840,independent component analysis ica
841,induction regular language
842,inductive bias
843,inductive logic programming
844,inductive probability
845,inductive programming
846,inferential theory learning
847,influence diagram
848,infobot
849,informatic academic field
850,information bottleneck method
851,information extraction
852,information fuzzy network
853,information fuzzy network ifn
854,information gain decision tree
855,information gain ratio
856,information harvesting
857,information retrieval
858,inheritance
859,inpaint
860,input cell
861,inspecvision
862,instance base algorithm
863,instance base learning
864,instance selection
865,integrate ai system
866,integrate mail processing
867,intel realsense
868,intelligence explosion
869,intelligent agent
870,intelligent agent rational agent
871,intelligent character recognition
872,intelligent control
873,intelligent personal assistant
874,intelligent word recognition
875,interact particle system
876,interactive machine translation
877,interlinguistic
878,international conference intelligent text processing computational linguistic cicl
879,international conference language resource evaluation
880,international conference machine learning icml
881,international joint conference artificial intelligence
882,international meeting computational intelligence method bioinformatic biostatistic
883,international semantic web conference
884,interpretation tree
885,intraclass transfer learn
886,invariance
887,invariant
888,invert pendulum
889,ircf360
890,iris flower datum set
891,iris recognition
892,island algorithm
893,isotropic position
894,isra vision
895,item response theory
896,iterative dichotomiser 3 id3
897,iterative viterbi decoding
898,jabberwacky
899,jaccard index
900,jacek m. zurada
901,jackknife variance estimate random forest
902,jaime carbonell
903,jape
904,java grammatical evolution
905,jeeney ai
906,jeremy slovak
907,jerome h. friedman
908,john d. lafferty
909,john platt
910,joone
911,joseph nechvatal
912,jpeg 2000
913,jubatus
914,julia
915,julie beth lovin
916,junction tree algorithm
917,jurgen schmidhuber
918,k means algorithm
919,k means clustering
920,k means++
921,k median
922,k median cluster
923,k medoid
924,k near neighbor
925,k near neighbor algorithm
926,k near neighbor algorithm knn
927,k near neighbor classification k nn
928,k q flat
929,k svd
930,kadir brady saliency detector
931,kaggle
932,kalman filter
933,kalmar filter
934,karl steinbuch
935,kat model
936,katia sycara
937,kera
938,kernel adaptive filter
939,kernel cell
940,kernel density estimation
941,kernel eigenvoice
942,kernel embedding distribution
943,kernel method
944,kernel method vector output
945,kernel perceptron
946,kernel principal component analysis
947,kernel random forest
948,keyphrase extraction
949,keypoint descriptor
950,keypoint localization
951,kinect
952,kinesense
953,klaus robert muller
954,kleene star
955,kneser ney smoothing
956,knime
957,knowledge engineering machine learning group
958,knowledge integration
959,knowledge management
960,knowledge representation
961,knowledge vault
962,kohonen network
963,kxen inc
964,label datum
965,language acquisition device
966,language assessment
967,language computer corporation
968,language grid
969,language identification limit
970,language model
971,language pedagogy
972,language planning
973,language policy
974,language recognition
975,languageware
976,laplacian gaussian log
977,large margin nearest neighbor
978,latent class model
979,latent dirichlet allocation
980,latent semantic analysis
981,latent semantic indexing
982,latent semantic mapping
983,latent variable
984,latent variable model
985,lattice miner
986,layer hidden markov model
987,lazy learning
988,leabra
989,learn automaton
990,learn classifi system
991,learn error
992,learn rank
993,learn vector quantization
994,learn vector quantization lvq
995,learnable function class
996,learning rule
997,leave error
998,legal information retrieval
999,lemmatisation
1000,leo breiman
1001,leon bottou
1002,lesk algorithm
1003,leslie p. kaelbling
1004,lessac technology
1005,lethal autonomous weapon
1006,level curve curvature
1007,level set method
1008,leverage internet datum
1009,lexalytic
1010,lexical choice
1011,lexical functional grammar lfg
1012,lexical markup framework
1013,lexical substitution
1014,lexicography
1015,libsvm
1016,lida cognitive architecture
1017,linde buzo gray algorithm
1018,linear classifier
1019,linear discriminant analysis lda
1020,linear genetic programming
1021,linear predictor function
1022,linear regression
1023,linear separability
1024,linguastream
1025,linguee
1026,linguistic
1027,lingyun gu
1028,linkurious
1029,lior ron
1030,liquid state machine
1031,lise getoor
1032,list artificial intelligence project
1033,list dataset machine learn research
1034,list genetic algorithm application
1035,list metaphor base metaheuristic
1036,list text mining software
1037,literacy
1038,lkb
1039,local case control sampling
1040,local independence
1041,local outlier factor
1042,local tangent space alignment
1043,locality sensitive hashing
1044,log linear model
1045,logic form
1046,logic learn machine
1047,logistic model tree
1048,logistic regression
1049,logitboost
1050,lolita
1051,long short term memory lstm
1052,loss function
1053,loss function classification
1054,low density separation
1055,low energy adaptive cluster hierarchy
1056,low rank approximation
1057,low rank matrix approximation
1058,lpboost
1059,lre map
1060,luca maria gambardella
1061,m theory
1062,machine aid human summarization mah
1063,machine learn algorithm
1064,machine learn bioinformatic
1065,machine learn control
1066,machine learn method problem
1067,machine learn research
1068,machine learning
1069,machine learning conference workshop
1070,machine learning framework
1071,machine learning hardware
1072,machine learning library
1073,machine learning method
1074,machine learning organization
1075,machine learning project
1076,machine learning tool
1077,machine translation
1078,machine translation application
1079,machine translation software usability
1080,machine vision
1081,mallet
1082,maluuba
1083,manifold alignment
1084,manifold regularization
1085,manufacture quality control
1086,marcus hutter
1087,marec
1088,margin
1089,margin classifier
1090,margin infuse relaxed algorithm
1091,mark v shaney
1092,mark v. shaney
1093,markov chain
1094,markov chain geostatistic
1095,markov chain monte carlo mcmc
1096,markov information source
1097,markov logic network
1098,markov model
1099,markov random field
1100,markovian discrimination
1101,massive online analysis
1102,match input output cell
1103,matlab
1104,matrix regularization
1105,matthew correlation coefficient
1106,maximally stable extremal region
1107,maximum entropy
1108,maximum entropy base summarization
1109,maximum entropy markov model
1110,mean end analysis
1111,mean shift
1112,mean squared error
1113,mean squared error mse
1114,mean squared prediction error
1115,mean squared prediction error mspe
1116,measurement invariance
1117,medial axis
1118,medoid
1119,meemix
1120,megahal
1121,mehryar mohri
1122,melomic
1123,memetic algorithm
1124,memory cell
1125,message understanding conference
1126,meta learning
1127,meta optimization
1128,metadata
1129,metaheuristic swarm imtelligence
1130,metal mt
1131,metalinguistic
1132,meteor
1133,method
1134,method technique
1135,mexican international conference artificial intelligence
1136,michael collin
1137,michael i. jordan
1138,michael kearn
1139,michael l. littman
1140,microsoft azure machine learning studio
1141,microsoft pixelsense
1142,military robot
1143,mimic
1144,mind uploading
1145,mindpixel
1146,minhash
1147,minimal recursion semantic
1148,minimum message length
1149,minimum redundancy feature selection
1150,mirage
1151,mitsuku
1152,mixture expert
1153,mixture model
1154,mlpack
1155,mlpy
1156,mobile mapping
1157,mobile robot
1158,mobileye
1159,model dna evolution
1160,modular audio recognition framework
1161,montylingua
1162,moor law
1163,moral graph
1164,morave paradox
1165,morphological pattern
1166,morphological segmentation
1167,motion field
1168,motion vector
1169,mountain car problem
1170,movidius
1171,multi armed bandit
1172,multi document summarization
1173,multi expression programming
1174,multi label classification
1175,multi task learning
1176,multiclass classification
1177,multidimensional analysis
1178,multidimensional scaling md
1179,multifactor dimensionality reduction
1180,multilinear principal component analysis
1181,multilinear subspace learning
1182,multilingual notation
1183,multimodal learning
1184,multinomial logistic regression
1185,multinomial naive baye
1186,multiple correspondence analysis
1187,multiple discriminant analysis
1188,multiple factor analysis
1189,multiple instance learning
1190,multiple kernel learning
1191,multiple sequence alignment
1192,multiplicative weight update method
1193,multispectral imaging
1194,multispectral pattern recognition
1195,multivariate adaptive regression spline mar
1196,music artificial intelligence
1197,mutation
1198,mxnet
1199,mysteryvibe
1200,n gram
1201,naive baye
1202,naive baye classifier
1203,naive semantic
1204,name entity extraction
1205,name entity recognition
1206,name entity recognition ner
1207,nando de freita
1208,native language identification
1209,natural evolution strategy
1210,natural language
1211,natural language generation
1212,natural language interface
1213,natural language processing
1214,natural language processing nlp
1215,natural language processing organization
1216,natural language processing tool
1217,natural language programming
1218,natural language search
1219,natural language toolkit
1220,natural language toolkit nltk
1221,natural language understanding
1222,natural language user interface
1223,navigation system component
1224,near centroid classifier
1225,near neighbor algorithm
1226,near neighbor chain algorithm
1227,near neighbor search
1228,negobot
1229,neighbor join
1230,nest lab
1231,netbase solution
1232,netbase solution inc
1233,netminer
1234,netowl
1235,network control system
1236,neural designer
1237,neural engineering object
1238,neural lab
1239,neural modeling field
1240,neural network
1241,neural network software
1242,neural tur machine
1243,neuro laboratory
1244,neuroevolution
1245,neuroph
1246,neurosolution
1247,news analytic
1248,niki.ai
1249,nlp lean programming framework nlpf
1250,nlp toolkit
1251,nltk
1252,node
1253,noisy channel model
1254,noisy input cell
1255,noisy text analytic
1256,nominate
1257,non maximum suppression
1258,non negative matrix factorization
1259,non negative matrix factorization nmf
1260,nondeterministic polynomial
1261,none
1262,nonlinear control
1263,nonlinear dimensionality reduction
1264,normalize cut segmentation
1265,nouvelle ai
1266,novelty detection
1267,nuisance variable
1268,numenta
1269,object counting monitoring
1270,object detection
1271,object recognition
1272,occam learning
1273,ofer dekel
1274,offline learning
1275,omek interactive
1276,online machine learning
1277,online-translator.com
1278,onnx
1279,ontology
1280,ontology engineering
1281,ontology learning
1282,open domain question answering
1283,open mind common sense
1284,open source ai development tool
1285,open source machine learning framework
1286,openair
1287,opencog
1288,opennlp
1289,openris
1290,optic algorithm
1291,optical braille recognition
1292,optical character recognition
1293,optical character recognition ocr
1294,optical flow
1295,optical mark recognition
1296,optimal discriminant analysis
1297,optimality theory
1298,oracle datum mining
1299,orange
1300,order inductive learner
1301,order weight average aggregation operator
1302,ordinal classification
1303,ordinary square regression olsr
1304,ordination
1305,oren etzioni
1306,orientation assignment
1307,output cell
1308,overfitt
1309,oxford english corpus
1310,pac learning
1311,pachinko allocation
1312,paco nathan
1313,pagerank
1314,parallel metaheuristic
1315,parity benchmark
1316,parity learning
1317,parlo broca
1318,parry
1319,parse
1320,partial square regression plsr
1321,particle filtering
1322,particle swarm optimization
1323,path dependence
1324,pattern language
1325,pattern recognition
1326,pcbr
1327,pea performance environment actuator sensor
1328,pedestrian detection
1329,pedro domingo
1330,peltarion synapse
1331,people counter
1332,percept artificial intelligence
1333,perceptron
1334,perceptual computing
1335,period event
1336,perplexity
1337,persian speech corpus
1338,person influential machine learning
1339,peter flach
1340,philosophical view artificial consciousness
1341,philosophy_of_artificial_intelligence
1342,phrase structure grammar
1343,physical computing
1344,picas
1345,pierre baldi
1346,pietro perona
1347,pinhole camera model
1348,pipeline pilot
1349,piranha
1350,pitman yor process
1351,plate notation
1352,polynomial kernel
1353,pool cell
1354,pop music automation
1355,population base incremental learning
1356,population process
1357,portable format analytic
1358,pose cluster
1359,pose consistency
1360,pose estimation
1361,poseidon drown detection system
1362,posthumanism
1363,powerset company
1364,pragmatic
1365,predictive analytic
1366,predictive learning
1367,predictive model markup language
1368,predictive state representation
1369,preference learning
1370,preference regression
1371,prefrontal cortex basal ganglion work memory
1372,premature convergence
1373,prewitt
1374,principal component analysis pca
1375,principal component regression pcr
1376,principal geodesic analysis
1377,prior knowledge pattern recognition
1378,prisma
1379,proactive learning
1380,probabilistic action core
1381,probabilistic cell
1382,probabilistic classifier
1383,probabilistic context free grammar
1384,probabilistic context free grammar pcfg
1385,probabilistic latent semantic analysis
1386,probabilistic method
1387,probabilistic soft logic
1388,probability matching
1389,probably approximately correct learning pac
1390,probit model
1391,process mining
1392,product expert
1393,production computer science
1394,progol
1395,progress artificial intelligence
1396,project debater
1397,projection pursuit
1398,projective geometry
1399,propbank
1400,proper generalize decomposition
1401,proprietary machine learning framework
1402,proximal gradient method learn
1403,prune
1404,psipr
1405,psychology_and_ai
1406,pushmeet kohli
1407,pushpak bhattacharyya
1408,pvlv
1409,pyramid
1410,pyramid match kernel
1411,pytorch
1412,q learning
1413,q methodology
1414,qloo
1415,qrio
1416,quadratic classifier
1417,quadratic unconstrained binary optimization
1418,quantum artificial intelligence lab
1419,quantum machine learning
1420,query expansion
1421,query level feature
1422,question answering
1423,queue theory
1424,quick draw
1425,quickprop
1426,r
1427,racter
1428,rada mihalcea
1429,rademacher complexity
1430,radial basis
1431,radial basis function kernel
1432,radial basis function network
1433,radon transform
1434,rand index
1435,random forest
1436,random indexing
1437,random projection
1438,random sample consensus ransac
1439,random subspace method
1440,randomization
1441,randomize weight majority algorithm
1442,rank svm
1443,rapidminer
1444,rasa nlu
1445,rattle gui
1446,ray kurzweil
1447,rayid ghani
1448,raymond cattell
1449,realization linguistic
1450,reasoning system
1451,recommendation system
1452,recurrent cell
1453,recurrent neural network
1454,recurrent neural network rnn
1455,recursive self improvement
1456,recursive transition network
1457,red light camera
1458,refer expression generation
1459,reflectance
1460,region
1461,registration
1462,regression
1463,regression analysis
1464,regularization algorithm
1465,regularization perspective support vector machine
1466,regulus grammar compiler
1467,reification linguistic
1468,reinforcement learning
1469,relate nlp field
1470,relational datum mining
1471,relationship extraction
1472,relationship square
1473,relevance vector machine
1474,relief
1475,remote sensing
1476,renjin
1477,repeat incremental pruning produce error reduction ripper
1478,repertory grid
1479,representer theorem
1480,residual network
1481,restricted boltzmann machine
1482,retinex
1483,reverse image search
1484,reverso
1485,reward base selection
1486,rewrite rule
1487,richard zemel
1488,ridge detection
1489,ridge regression
1490,right explanation
1491,ripple rule
1492,rise
1493,robby garner
1494,robert cross
1495,roboearth
1496,robot learning
1497,robot localization
1498,robot mapping
1499,robot swarm
1500,robotic
1501,robust principal component analysis
1502,root
1503,rosoka toolkit
1504,ross quinlan
1505,rprop
1506,rule base machine learning
1507,rule base machine translation
1508,rule base system
1509,rule extraction system family
1510,rule induction
1511,ruleml symposium
1512,s voice
1513,sa
1514,salvatore j. stolfo
1515,sammon mapping
1516,sample complexity
1517,sample exclusion dimension
1518,santa fe trail problem
1519,savi technology
1520,scale invariant feature detection
1521,scale invariant feature transform sift
1522,scale space
1523,scale space axiom
1524,scale space extrema detection
1525,scantron corporation
1526,scene modeling
1527,scene recognition
1528,scene tracking
1529,schema
1530,scikit learn
1531,search
1532,search base software engineering
1533,search engine
1534,search engine optimization
1535,sebastian thrun
1536,second language acquisition
1537,selection
1538,self management computer science
1539,self organize map
1540,self organize map som
1541,self replicate machine
1542,self service semantic suite
1543,selmer bringsjord
1544,semantic analysis
1545,semantic analysis computational
1546,semantic analytic
1547,semantic compression
1548,semantic folding
1549,semantic mapping
1550,semantic network
1551,semantic neural network
1552,semantic web
1553,semeval
1554,semi supervised learning
1555,semidefinite embedding
1556,sense network
1557,sensorium project
1558,sentence breaking
1559,sentence extraction
1560,sentiment analysis
1561,sepp hochreiter
1562,sequence labeling
1563,sequential minimal optimization
1564,shade
1565,shallow parsing
1566,shane legg
1567,shatter set
1568,shi tomasi
1569,shogun
1570,shot learning
1571,sift
1572,sign linguistic
1573,silent speech interface
1574,silhouette
1575,simhash
1576,similarity learn
1577,similarity measure
1578,simple match coefficient
1579,simrank
1580,simsimi
1581,simultaneous localization mapping
1582,single linkage clustering
1583,singularitarism
1584,sinkov statistic
1585,siraj raval
1586,siri
1587,siri software
1588,situate ai
1589,skill chain
1590,slice inverse regression
1591,sliq
1592,smart camera
1593,smarterchild
1594,smartmatch
1595,snake ladder
1596,snn
1597,sobel
1598,soft computing
1599,soft independent modelling class analogy
1600,soft output viterbi algorithm
1601,software
1602,software agent
1603,solomonof theory inductive inference
1604,solveit software
1605,spacy
1606,spam filtering
1607,sparse auto encoder
1608,sparse dictionary learning
1609,sparse pca
1610,speak dialogue system
1611,speaker recognition
1612,speaktoit
1613,spectral clustering
1614,speech corpus
1615,speech generate device
1616,speech processing
1617,speech recognition
1618,speech segmentation
1619,speech synthesis
1620,speech tagging
1621,speed robust feature surf
1622,spike hidden cell
1623,spike slab variable selection
1624,spl notation
1625,spookitalk
1626,sprint
1627,spss modeler
1628,square estimation
1629,square support vector machine
1630,stability
1631,stack auto encoder
1632,stack generalization blend
1633,state action reward state action
1634,state action reward state action sarsa
1635,statistical ai
1636,statistical classification
1637,statistical learning
1638,statistical learning theory
1639,statistical machine translation
1640,statistical natural language processing
1641,statistical parsing
1642,statistical relational learning
1643,statistical semantic
1644,stefano soatto
1645,stem
1646,stem reduce inflect derive word word stem base root form
1647,stephen muggleton
1648,stephen wolfram
1649,stepwise regression
1650,steve omohundro
1651,stochastic block model
1652,stochastic cellular automaton
1653,stochastic context free grammar scfg
1654,stochastic diffusion search
1655,stochastic gradient descent
1656,stochastic grammar
1657,stochastic matrix
1658,stochastic universal sampling
1659,strategic planning
1660,stress majorization
1661,string kernel
1662,structural equation modeling
1663,structural risk minimization
1664,structure natural language processing
1665,structure tensor
1666,structured knn
1667,structured prediction
1668,structured sparsity regularization
1669,structured support vector machine
1670,stylistic
1671,sub symbolic
1672,subclass reachability
1673,subclu
1674,subfield machine learning
1675,subfield natural language processing
1676,subject
1677,subsumption architecture
1678,sufficient dimension reduction
1679,sukhoti algorithm
1680,sum absolute difference
1681,sum absolute transform difference
1682,superintelligence
1683,supervised learning
1684,support vector machine
1685,surf
1686,surface patch
1687,susan
1688,sussman anomaly
1689,swarm intelligence
1690,switch kalman filter
1691,symbolic ai
1692,symbolic machine learn algorithm
1693,symbolic regression
1694,synchronous context free grammar
1695,syntactic pattern recognition
1696,systemic functional grammar sfg
1697,t distribute stochastic neighbor embedding
1698,t distribute stochastic neighbor embedding t sne
1699,t9 predictive text
1700,taguchi loss function
1701,tanagra
1702,tatoeba
1703,taxonomy
1704,taxonomy search engine
1705,td gammon
1706,teach dimension
1707,technological singularity
1708,telqas
1709,template matching
1710,temporal difference learning
1711,temporal difference learning td
1712,tensor processing unit
1713,tensorflow
1714,teragram corporation
1715,term frequency inverse document frequency tf idf
1716,terminology extraction
1717,teuvo kohonen
1718,text chunk
1719,text corpus
1720,text mining
1721,text normalization
1722,text proofing
1723,text retrieval conference
1724,text simplification
1725,text speech
1726,text speech dialogue tsd
1727,textblob
1728,textual case base reasoning
1729,textual entailment
1730,texture
1731,theano
1732,theory conjoint measurement
1733,thoma g. dietterich
1734,thurstonian model
1735,timeline arificial intelligence
1736,timeline natural language processing software
1737,timit
1738,tiptop technology
1739,tokenization
1740,tom m. mitchell
1741,tone mapping
1742,topic model
1743,topic segmentation
1744,topio
1745,torch
1746,tournament selection
1747,traffic enforcement camera
1748,traffic sign recognition
1749,transderivational search
1750,transduction
1751,transfer learn
1752,transformation
1753,transhumanism
1754,transiogram
1755,translation
1756,translation memory
1757,translation software
1758,trax image recognition
1759,tree
1760,tree adjoin grammar tag
1761,trevor hastie
1762,trifocal tensor
1763,trigram
1764,trigram tagger
1765,triphone
1766,truecas
1767,truncation selection
1768,tucker decomposition
1769,type
1770,ugly duckling theorem
1771,uima
1772,ultra hal
1773,uncanny valley
1774,uncertain datum
1775,underwater computer vision
1776,uniform convergence
1777,unique negative dimension
1778,universal portfolio algorithm
1779,unl universal networking language
1780,unnamed combat aerial vehicle
1781,unsupervised learning
1782,upgma
1783,user behavior analytic
1784,user illusion
1785,validation set
1786,vapnik chervonenkis theory
1787,variable kernel density estimation
1788,variable order bayesian network
1789,variable order markov model
1790,variable rule analysis
1791,variational auto encoder
1792,variational message pass
1793,varimax rotation
1794,vasant honavar
1795,vc dimension
1796,vc theory
1797,vector quantization
1798,vehicle infrastructure integration
1799,velocity moment
1800,verbot
1801,version space learning
1802,vicarious
1803,video content analysis
1804,video game ai
1805,video stabilization
1806,view engineering
1807,view synthesis
1808,vigra
1809,virtual intelligence
1810,virtual reality
1811,visage sdk
1812,vision processing unit
1813,visual perception
1814,visual positioning tracking
1815,visual recognition
1816,visual sensor network
1817,visual word
1818,viterbi algorithm
1819,viv
1820,vladimir vapnik
1821,vocabulary mismatch
1822,vowpal wabbit
1823,w shingling
1824,waca cluster algorithm
1825,waffle
1826,wake sleep algorithm
1827,walsh hadamard transform
1828,war method
1829,water remote sensing
1830,watson
1831,weaponization artificial intelligence
1832,weasel program
1833,weight majority algorithm
1834,wek classification tool
1835,weka
1836,wetware brain
1837,whiten transformation
1838,win stay lose switch
1839,window base detection
1840,winnow
1841,witness set
1842,wolfram language
1843,wolfram mathematica
1844,wolfram research
1845,word segmentation
1846,word sense disambiguation
1847,word sense induction
1848,word2vec
1849,wpgma
1850,writer invariant
1851,xgboost
1852,yahoo babel fish
1853,yann lecun
1854,yasuo matsuyama
1855,yooreeka
1856,yoshua bengio
1857,zeroth
1858,zoubin ghahramani
