,tag
0,none
1,3d cue
2,3d reconstruction
3,3d reconstruction multiple image
4,3dflow
5,5dx
6,a.l.i.c.e
7,abstraction base summarization
8,accord.net
9,accuracy paradox
10,action model learning
11,action selection
12,activation function
13,active appearance model aam
14,active contour
15,active learning
16,activity recognition
17,adaboost
18,adaline
19,adaptive filtering
20,adaptive neuro fuzzy inference system
21,adaptive resonance theory
22,additive smoothing
23,adjust mutual information
24,adversarial machine learning
25,affective computing
26,affine invariant feature detection
27,affine shape adaptation
28,affine transform
29,affix grammar finite lattice
30,afnlp
31,agent architecture
32,aggregation linguistic
33,ai algorithm
34,ai box
35,ai effect
36,ai takeover
37,ai winter
38,ai complete
39,ai_and_the_future
40,ai_application
41,ai_development
42,ai_hazards_and_safety
43,ai_project
44,aibo
45,aid summarization
46,aika
47,aiva
48,aixi
49,albert
50,alberto broggi
51,alchemyapi
52,alexnet
53,algorithm
54,algorithm selection
55,algorithmic inference
56,algorithmic learning theory
57,algorithmic probability
58,alignment
59,allen
60,almeida pineda recurrent backpropagation
61,alopex
62,alphago
63,alphago zero
64,alternate decision tree
65,amazon alexa
66,amazon machine learning
67,analogical modeling
68,anaphora
69,anaphora resolution
70,andrei knyazev
71,andrew mccallum
72,andrew ng
73,android eye object recognition
74,anisotropic diffusion perona malik equation
75,anne eat
76,annual conference north american chapter association computational linguistic naacl
77,annual meeting association computational linguistic acl
78,anomaly detection
79,anorama stitching
80,anova
81,ant colony optimization
82,ant colony optimization algorithm
83,anthony levandowski
84,anti unification
85,anuraag jain
86,aode
87,apache flume
88,apache giraph
89,apache mahout
90,apache opennlp
91,apache singa
92,apache spark
93,apache systemml
94,apertium
95,aphelion
96,aphelion software
97,appearance base method
98,application
99,application
100,application machine learning
101,application nlp
102,apply linguistic
103,apprenticeship learn
104,approach
105,apriori algorithm
106,arabic speech corpus
107,archetypal analysis
108,architecture
109,ariane
110,armin b. cremer
111,arthur zimek
112,articulate body pose estimation bopoe
113,artificial ant
114,artificial bee colony algorithm
115,artificial brain
116,artificial consciousness
117,artificial creativity
118,artificial development
119,artificial general intelligence
120,artificial immune system
121,artificial immune system
122,artificial intelligence
123,artificial intelligence law
124,artificial intelligence security aisec co locate workshop ccs
125,artificial intelligence arm race
126,artificial intelligence global catastrophic risk
127,artificial intelligence system integration
128,artificial life
129,artificial neural network
130,artificial neural network
131,artificial neural network deep learning especially convolutional neural network
132,artificial psycology
133,asilomar conference beneficial ai
134,asimo
135,aspect feature
136,assistant
137,association computational linguistic
138,association rule learn
139,association rule learn algorithm
140,association rule
141,astrostatistic
142,audio visual speech recognition
143,augment reality
144,augment reality assist surgery
145,australasian language technology association
146,auto encoder
147,automate essay scoring
148,automate mathematician
149,automate optical inspection
150,automate parking system
151,automate planning scheduling
152,automate reasoning
153,automatic acquisition lexicon
154,automatic acquisition sense tag corpora
155,automatic document classification
156,automatic image annotation
157,automatic language identification
158,automatic number plate recognition
159,automatic summarization
160,automatic target recognition
161,automatic taxonomy construction
162,automatic taxonomy induction
163,automation
164,automatix
165,autonomic computing
166,autonomic networking
167,autonomous agent
168,autonomous car
169,average dependence estimator
170,average dependence estimator aode
171,axiomatic theory receptive field
172,ayanna howard
173,backfed input cell
174,backprojection
175,backpropagation
176,backward chaining
177,bag word representation
178,bag word model
179,balanced clustering
180,ball tree
181,bank english
182,barney pell
183,base rate
184,bat algorithm
185,baum welch algorithm
186,bayesian
187,bayesian belief network bbn
188,bayesian hierarchical modeling
189,bayesian interpretation kernel regularization
190,bayesian knowledge base
191,bayesian network
192,bayesian network bn
193,bayesian optimization
194,bayesian statistic
195,bayesian structural time series
196,bee algorithm
197,behavior base ai
198,behavior base robotic
199,behavioral clustering
200,belief network
201,ben goertzel
202,ben taskar
203,bernhard scholkopf
204,bernoulli scheme
205,bias variance dilemma
206,bias variance tradeoff
207,bicluster
208,bigram
209,bilingualism multilingualism
210,binarization consensus partition matrix
211,binary classification
212,binary classifier
213,bing predict
214,bingham distribution
215,bio inspire computing
216,biogeography base optimization
217,biologically inspire computing
218,biologically inspire object recognition
219,biomedical informatic
220,biomedical text mining
221,biplot
222,birch
223,blackboard system
224,blob detection
225,blue brain project
226,boltzmann machine
227,bond theorem
228,bongard problem
229,boost
230,bootstrap aggregating
231,bootstrap aggregating bag
232,boris
233,bradley terry model
234,brain emotional learning base intelligent controller
235,braina
236,branch computer vision
237,branch machine learning
238,brian d. ripley
239,british national corpus
240,brown clustering
241,brownboost
242,bundle adjustment
243,burst error
244,application
245,approach
246,period event
247,region
248,subject
249,c4.5 algorithm
250,c5.0 algorithm
251,cache language model
252,caffe
253,calai reuter product
254,calibration
255,canny
256,canonical correlation analysis cca
257,canonical correspondence analysis
258,canopy clustering algorithm
259,cascading classifier
260,case base reasoning
261,category utility
262,causal markov condition
263,cbcl mit
264,cellcognition
265,cell
266,cellular evolutionary algorithm
267,chaos theory
268,charlix
269,chasen mecab
270,chatscript
271,chatterbot
272,chatterbot
273,check weigher
274,chi square automatic interaction detection
275,chi squared automatic interaction detection chaid
276,chinese room
277,christopher g. atkeson
278,chromosome
279,ciml community portal
280,clarifai
281,classic monolingual wsd
282,classical approach machine translation rule base machine translation
283,classification
284,classification regression tree cart
285,classifi chain
286,classifier
287,claude chatterbot
288,clearfor
289,cleverbot
290,clinical decision support system
291,clonal selection algorithm
292,closed circuit television
293,cluster analysis
294,cluster weight modeling
295,cluster
296,cluster high dimensional datum
297,clustering illusion
298,cma es
299,cmu pronounce dictionary
300,cmu sphinx speech recognition system
301,cn2 algorithm
302,cntk
303,co training
304,coboost
305,cobweb
306,codebook generation
307,cog
308,cogcompnlp
309,cognex corporation
310,cognitive
311,cognitive architecture
312,cognitive assistant learn organize
313,cognitive computer
314,cognitive robotic
315,cognitive science
316,collaborative filtering
317,collostructional analysis
318,color appearance model
319,color management system
320,color mapping
321,color matching function
322,color model
323,color profile
324,color space
325,color vision
326,comb method
327,commercial computer vision system
328,common method variance
329,commonsense reasoning
330,comparison machine translation application
331,competitive learning
332,complete linkage clustering
333,component process nlp
334,compound term processing
335,computational creativity
336,computational humor
337,computational learning theory
338,computational linguistic
339,computational semantic
340,computer audition
341,computer chess
342,computer game bot
343,computer
344,computer stereo vision
345,computer vision
346,computer vision company
347,computer vision subsystem
348,computer assist proof
349,computer assist translation
350,computer automate design
351,computer mediate communication
352,concept class
353,concept drift
354,concept learning
355,concept mining
356,conceptual clustering
357,conceptual dependency theory
358,conditional decision tree
359,conditional random field
360,conditional random field crf
361,conference artificial general intelligence
362,conference knowledge discovery datum mining
363,conference neural information processing system nip
364,confirmatory factor analysis
365,confusion matrix
366,congruence coefficient
367,connect
368,consensus clustering
369,constrain clustering
370,constrain conditional model
371,constraint grammar cg
372,construct skill tree
373,constructive cooperative coevolution
374,content determination
375,content base filtering
376,content base image indexing
377,content base image retrieval
378,context
379,context free grammar cfg
380,context free language
381,contextual image classification
382,contour detection
383,contrastive linguistic
384,control system
385,control natural language
386,converseon
387,convolutional cell
388,convolutional inverse graphic network
389,convolutional neural network
390,convolutional neural network
391,coreference resolution
392,corenlp
393,corinna corte
394,corner detection
395,corpus
396,corpus linguistic
397,corpus contemporary american english
398,corpus processing
399,correlation clustering
400,correspondence analysis
401,cortana
402,cortica
403,couple pattern learner
404,cronus bot innovative solution
405,cross correlation
406,cross disciplinary field involve machine learning
407,cross entropy method
408,cross language information retrieval
409,cross validation
410,crossover
411,ctake
412,cubic.ai
413,cuckoo search
414,cultural algorithm
415,cultural consensus theory
416,cure datum cluster algorithm
417,curse dimensionality
418,curvelet
419,customer relationship management
420,cybernetic
421,cyborg
422,dadisp
423,darkfor
424,darpa lagr program
425,dartmouth workshop
426,darwin machine
427,darwintune
428,datum augmentation
429,data exploration
430,datum mining
431,datum mining extension
432,datum pre processing
433,data stream cluster
434,dataiku
435,datr
436,davy bouldin index
437,dbpedia spotlight
438,dbscan
439,decision boundary
440,decision list
441,decision stump
442,decision support system
443,decision tree
444,decision tree algorithm
445,decision tree learn
446,decision tree model
447,deconvolutional network
448,deductive classifier
449,deep belief network
450,deep boltzmann machine dbm
451,deep feed forward
452,deep learning
453,deep linguistic processing
454,deep web technology
455,deepart
456,deepdream
457,deepl
458,deeplearning4j
459,deepmind
460,define length
461,definite clause grammar dcg
462,deformable model
463,dehaene changeux model
464,delph
465,demis hassabis
466,dendrogram
467,denois auto encoder
468,dependability state model
469,deriche
470,description logic
471,detailed balance
472,determinant hessian doh
473,determine number cluster data set
474,detrend correspondence analysis
475,developmental robotic
476,diagnosis artificial intelligence
477,dialog system
478,diffbot
479,difference gaussian dog
480,differential
481,differential evolution
482,diffusion map
483,digital video fingerprinting
484,dimensionality reduction
485,direct linear transformation dlt
486,discard low contrast keypoint
487,discourse analysis
488,discourse relation
489,discrete phase type distribution
490,discriminative model
491,discriminative model
492,dissociate press
493,distbelief
494,distinguo
495,distribute r
496,distribution learning theory
497,distributional semantic
498,divide conquer search
499,dkpro core
500,dlib
501,dmap
502,document classification
503,document mosaicing
504,document structuring
505,document summarization
506,document term matrix
507,document hate
508,domain adaptation
509,dominance base rough set approach
510,doubly stochastic model
511,dougla lenat
512,dr sbaitso
513,dragomir r. radev
514,dual phase evolution
515,dunn index
516,dynamic bayesian network
517,dynamic markov compression
518,dynamic time warping
519,dynamic topic model
520,dynamic unobserved effect model
521,e mail spam filtering
522,eager learning
523,early cybernetic brain simulation
524,easible match
525,echo state network
526,eclat algorithm
527,ecml pkdd
528,edge detection
529,edge linking
530,edge recombination operator
531,edlut
532,effective fitness
533,eigenface
534,elastic map
535,elastic matching
536,elastic net
537,elbot
538,elbow method
539,eliminate edge response
540,eliza
541,elki
542,email filtering
543,embody agent
544,embody cognition
545,embody cognitive science
546,emergent
547,empirical risk minimization
548,encog
549,end end reinforcement learning
550,ensemble averaging
551,ensemble learning
552,ensemble classifier
553,entropy rate
554,epigenetic robotic
555,epipolar geometry
556,eric xing
557,erkki oja
558,ernst dickmann
559,error tolerance
560,error drive learning
561,etap-3
562,etblast
563,ethic artificial intelligence
564,eugene goostman
565,eurisko
566,european conference artificial intelligence
567,evaluation binary classifier
568,evolution strategy
569,evolution window
570,evolutionary algorithm
571,evolutionary algorithm landmark detection
572,evolutionary algorithm
573,evolutionary art
574,evolutionary computation
575,evolutionary multimodal optimization
576,evolutionary music
577,evolutionary programming
578,evolutionary robotic
579,evolvability
580,evolve antenna
581,evolver
582,evolve classification function
583,example base machine translation
584,existential risk advanced artificial intelligence
585,expectation propagation
586,expectation maximization em
587,expectation maximization algorithm
588,expectation maximization algorithm
589,expert system
590,explanation base learning
591,explicit implicit 3d object model
592,explicit semantic analysis
593,exploratory factor analysis
594,extraction base summarization
595,extreme learning machine
596,f1 score
597,face detection
598,face recognition
599,facial recognition system
600,facial recognition system
601,factor analysis
602,factor analysis mixed datum
603,factor graph
604,factor regression model
605,factored language model
606,farth traversal
607,fast
608,fast indexing
609,fast frugal tree
610,fastica
611,feasible match
612,feature
613,feature description
614,feature detection
615,feature engineering
616,feature extraction
617,feature hashing
618,feature learning
619,feature representation
620,feature scaling
621,feature selection
622,feature selection toolbox
623,feature vector
624,feature base method
625,feed forward
626,feedforward neural network
627,festival speech synthesis system
628,filter bank
629,filter pop recursive transition network
630,filtering fourier wavelet transform image compression
631,firefly algorithm
632,difference estimator
633,order inductive learner
634,fish school search
635,fisher kernel
636,fisher linear discriminant
637,fitness approximation
638,fitness function
639,fitness proportionate selection
640,flame clustering
641,fluentd
642,folding@home
643,foreign language writing aid
644,foreign language reading aid
645,forensic linguistic
646,formal concept analysis
647,forward algorithm
648,forward backward algorithm
649,fowlke mallow index
650,fp growth algorithm
651,frame problem
652,fr
653,frederick jelinek
654,freel
655,friendly ai
656,frrole
657,functional principal component analysis
658,functional unification grammar fug
659,fundamental matrix
660,further_ai_element
661,fuzzy clustering
662,fuzzy system
663,gabor filter
664,game artificial intelligence
665,game theory
666,gamma correction
667,gary bryce fogel
668,gate recurrent unit
669,gatto
670,gaussian adaptation
671,gaussian filter
672,gaussian naive baye
673,gaussian process
674,gaussian process emulator
675,gaussian process regression
676,gazopa
677,gene expression programming
678,gene prediction
679,general architecture text engineering
680,general architecture text engineering gate
681,general game playing
682,general natural language processing concept
683,general video game playing
684,generalization error
685,generalize canonical correlation
686,generalize filtering
687,generalize hough transform
688,generalize iterative scaling
689,generalize multidimensional scaling
690,generalize phrase structure grammar gpsg
691,generalize structure tensor
692,generative adversarial network
693,generative adversarial network
694,generative model
695,generative model
696,generative topographic map
697,generec
698,generif
699,genetic algorithm
700,genetic algorithm rule set production
701,genetic algorithm scheduling
702,genetic algorithm economic
703,genetic fuzzy system
704,genetic memory
705,genetic operator
706,genetic programming
707,genetic representation
708,gensim
709,geoffrey hinton
710,geographical cluster
711,geometric constraint
712,geometric feature learning
713,geometric hashing
714,gesture description language
715,gesture recognition
716,geworkbench
717,glimmer
718,global robot localization
719,global scene representation
720,gloh
721,glossary artificial intelligence
722,glottochronology
723,glove
724,gofai
725,golem ilp
726,good old fashioned ai
727,google assistant
728,google brain
729,google deepmind
730,google matrix
731,google ngram viewer
732,google
733,google translate
734,googlyminotaur
735,gorn address
736,gradient boost decision tree gbdt
737,gradient boost machine gbm
738,gradient histogram
739,gradient matching
740,graft
741,gramian matrix
742,grammar
743,grammar checker
744,grammar checking
745,grammar induction
746,grammar system theory
747,grammar
748,grammatical evolution
749,grammatik
750,granular computing
751,graph cut segmentation
752,graph kernel
753,graph base method
754,graphical model
755,graphic processing unit
756,graphlab
757,gremlin
758,greyscale matching
759,group method datum handling gmdh
760,group
761,grow self organize map
762,growth function
763,h2o
764,haar wavelet response
765,haar like feature
766,hammersley clifford theorem
767,handwriting recognition
768,han peter kriegel
769,harmony search
770,harris affine
771,harris operator
772,hartmut neven
773,hashing trick
774,head drive phrase structure grammar hpsg
775,hebbian theory
776,heikki mannila
777,hessian affine
778,hessian feature strength measure
779,hexq
780,hide cell
781,hide markov model
782,hide markov model hmm
783,hide markov model
784,hide markov random field
785,hide semi markov model
786,hierarchical classifier
787,hierarchical clustering
788,hierarchical control system
789,hierarchical hidden markov model
790,hierarchical temporal memory
791,high order factor analysis
792,highway network
793,hindi punjabi machine translation system
794,hinge loss
795,histogram equalization
796,histogram receptive field response
797,history computer vision
798,history machine learning
799,history machine translation
800,history natural language processing
801,history optical character recognition
802,history_of_artificial_intelligence
803,hive mind
804,hog
805,hollan schema theorem
806,homography computer vision
807,hopfield network
808,hopkin statistic
809,hoshen kopelman algorithm
810,hough transform
811,hough transform voting
812,huber loss
813,human aid machine summarization ham
814,human brain project
815,human enhacement
816,human language technology
817,human visual system model
818,humant humanoid ant algorithm
819,human computer interaction
820,hybrid intelligent system
821,hybrid neural network
822,hybrid recommender system
823,hyper basis function network
824,hyperparameter
825,hyponymy hypernymy
826,hypothesize
827,hypothesize test
828,ian goodfellow
829,ibm machine learn hub
830,ibm watson group
831,id3 algorithm
832,idistance
833,ilastik
834,ilya sutskever
835,image collection exploration
836,image compression
837,image denoising
838,image enhancement
839,image histogram
840,image panorama
841,image processing
842,image pyramid
843,image recognition
844,image retrieval
845,image segmentation
846,image watermarking
847,image base modeling rendering
848,imense
849,immunocomput
850,imperialist competitive algorithm
851,implementation detail
852,inauthentic text
853,incremental decision tree
854,independent component analysis ica
855,induction regular language
856,inductive bias
857,inductive logic programming
858,inductive probability
859,inductive programming
860,inferential theory learning
861,influence diagram
862,infobot
863,informatic academic field
864,information bottleneck method
865,information extraction
866,information fuzzy network
867,information fuzzy network ifn
868,information gain decision tree
869,information gain ratio
870,information harvesting
871,information retrieval
872,inheritance
873,inpaint
874,input cell
875,inspecvision
876,instance selection
877,instance base algorithm
878,instance base learning
879,integrate ai system
880,integrate mail processing
881,intel realsense
882,intelligence explosion
883,intelligent agent
884,intelligent agent rational agent
885,intelligent character recognition
886,intelligent control
887,intelligent personal assistant
888,intelligent word recognition
889,interact particle system
890,interactive machine translation
891,interlinguistic
892,international conference intelligent text processing computational linguistic cicl
893,international conference language resource evaluation
894,international conference machine learning icml
895,international joint conference artificial intelligence
896,international meeting computational intelligence method bioinformatic biostatistic
897,international semantic web conference
898,interpretation tree
899,intraclass transfer learn
900,invariance
901,invert pendulum
902,ircf360
903,iris flower datum set
904,iris recognition
905,island algorithm
906,isotropic position
907,isra vision
908,item response theory
909,iterative dichotomiser 3 id3
910,iterative viterbi decoding
911,jabberwacky
912,jaccard index
913,jacek m. zurada
914,jackknife variance estimate random forest
915,jaime carbonell
916,jape
917,java grammatical evolution
918,jeeney ai
919,jeremy slovak
920,jerome h. friedman
921,john d. lafferty
922,john platt
923,joone
924,joseph nechvatal
925,jpeg 2000
926,jubatus
927,julia
928,julie beth lovin
929,junction tree algorithm
930,jurgen schmidhuber
931,k q flat
932,k means algorithm
933,k means clustering
934,k means++
935,k median
936,k median cluster
937,k medoid
938,k near neighbor
939,k near neighbor algorithm
940,k near neighbor algorithm knn
941,k near neighbor classification k nn
942,k svd
943,kadir brady saliency detector
944,kaggle
945,kalman filter
946,kalmar filter
947,karl steinbuch
948,kat model
949,katia sycara
950,kera
951,kernel adaptive filter
952,kernel cell
953,kernel density estimation
954,kernel eigenvoice
955,kernel embedding distribution
956,kernel method
957,kernel method vector output
958,kernel perceptron
959,kernel principal component analysis
960,kernel random forest
961,keyphrase extraction
962,keypoint descriptor
963,keypoint localization
964,kinect
965,kinesense
966,klaus robert muller
967,kleene star
968,kneser ney smoothing
969,knime
970,knowledge engineering machine learning group
971,knowledge integration
972,knowledge management
973,knowledge representation
974,knowledge vault
975,kohonen network
976,kxen inc
977,label datum
978,language acquisition device
979,language assessment
980,language computer corporation
981,language grid
982,language identification limit
983,language model
984,language pedagogy
985,language planning
986,language policy
987,language recognition
988,languageware
989,laplacian gaussian log
990,large margin nearest neighbor
991,latent class model
992,latent dirichlet allocation
993,latent semantic analysis
994,latent semantic indexing
995,latent semantic mapping
996,latent variable
997,latent variable model
998,lattice miner
999,layer hidden markov model
1000,lazy learning
1001,leabra
1002,learnable function class
1003,learn automaton
1004,learn classifi system
1005,learning rule
1006,learn rank
1007,learn vector quantization
1008,learn vector quantization lvq
1009,learn error
1010,absolute shrinkage selection operator lasso
1011,square estimation
1012,square support vector machine
1013,angle regression lar
1014,leave error
1015,legal information retrieval
1016,lemmatisation
1017,leo breiman
1018,leon bottou
1019,lesk algorithm
1020,leslie p. kaelbling
1021,lessac technology
1022,lethal autonomous weapon
1023,level curve curvature
1024,level set method
1025,leverage internet datum
1026,lexalytic
1027,lexical choice
1028,lexical functional grammar lfg
1029,lexical markup framework
1030,lexical substitution
1031,lexicography
1032,libsvm
1033,lida cognitive architecture
1034,linde buzo gray algorithm
1035,linear classifier
1036,linear discriminant analysis lda
1037,linear genetic programming
1038,linear predictor function
1039,linear regression
1040,linear separability
1041,linguastream
1042,linguee
1043,linguistic
1044,lingyun gu
1045,linkurious
1046,lior ron
1047,liquid state machine
1048,lise getoor
1049,list artificial intelligence project
1050,list dataset machine learn research
1051,list genetic algorithm application
1052,list metaphor base metaheuristic
1053,list text mining software
1054,literacy
1055,lkb
1056,local case control sampling
1057,local independence
1058,local outlier factor
1059,local tangent space alignment
1060,locality sensitive hashing
1061,log linear model
1062,logic form
1063,logic learn machine
1064,logistic model tree
1065,logistic regression
1066,logitboost
1067,lolita
1068,long short term memory lstm
1069,long short term memory lstm
1070,loss function
1071,loss function classification
1072,low density separation
1073,low energy adaptive cluster hierarchy
1074,low rank approximation
1075,low rank matrix approximation
1076,lpboost
1077,lre map
1078,luca maria gambardella
1079,m theory
1080,machine aid human summarization mah
1081,machine learning
1082,machine learn algorithm
1083,machine learning conference workshop
1084,machine learn control
1085,machine learning framework
1086,machine learning hardware
1087,machine learn bioinformatic
1088,machine learning library
1089,machine learning method
1090,machine learning organization
1091,machine learning project
1092,machine learn research
1093,machine learning tool
1094,machine translation
1095,machine translation application
1096,machine translation software usability
1097,machine vision
1098,mallet
1099,maluuba
1100,manifold alignment
1101,manifold regularization
1102,manufacture quality control
1103,marcus hutter
1104,marec
1105,margin
1106,margin classifier
1107,margin infuse relaxed algorithm
1108,mark v shaney
1109,mark v. shaney
1110,markov chain
1111,markov chain geostatistic
1112,markov chain monte carlo mcmc
1113,markov information source
1114,markov logic network
1115,markov model
1116,markov random field
1117,markov random field
1118,markovian discrimination
1119,massive online analysis
1120,match input output cell
1121,matlab
1122,matrix regularization
1123,matthew correlation coefficient
1124,maximally stable extremal region
1125,maximum entropy
1126,maximum entropy base summarization
1127,maximum entropy markov model
1128,mean shift
1129,mean squared error
1130,mean squared error mse
1131,mean squared prediction error
1132,mean squared prediction error mspe
1133,mean shift
1134,mean end analysis
1135,measurement invariance
1136,medial axis
1137,medoid
1138,meemix
1139,megahal
1140,mehryar mohri
1141,melomic
1142,memetic algorithm
1143,memory cell
1144,message understanding conference
1145,meta learning
1146,meta optimization
1147,metadata
1148,metaheuristic swarm imtelligence
1149,metal mt
1150,metalinguistic
1151,meteor
1152,method
1153,method technique
1154,mexican international conference artificial intelligence
1155,michael collin
1156,michael i. jordan
1157,michael kearn
1158,michael l. littman
1159,microsoft azure machine learning studio
1160,microsoft pixelsense
1161,military robot
1162,mimic
1163,mind uploading
1164,mindpixel
1165,minhash
1166,minimal recursion semantic
1167,minimum message length
1168,minimum redundancy feature selection
1169,mirage
1170,mitsuku
1171,mixture model
1172,mixture expert
1173,mlpack
1174,mlpy
1175,mobile mapping
1176,mobile robot
1177,mobileye
1178,model dna evolution
1179,modular audio recognition framework
1180,montylingua
1181,moor law
1182,moral graph
1183,morave paradox
1184,morphological pattern
1185,morphological segmentation
1186,motion field
1187,motion vector
1188,mountain car problem
1189,movidius
1190,multi expression programming
1191,multi armed bandit
1192,multi document summarization
1193,multi label classification
1194,multi task learning
1195,multiclass classification
1196,multidimensional analysis
1197,multidimensional scaling md
1198,multifactor dimensionality reduction
1199,multilinear principal component analysis
1200,multilinear subspace learning
1201,multilingual notation
1202,multimodal learning
1203,multinomial logistic regression
1204,multinomial naive baye
1205,multiple correspondence analysis
1206,multiple discriminant analysis
1207,multiple factor analysis
1208,multiple instance learning
1209,multiple kernel learning
1210,multiple sequence alignment
1211,multiple instance learning
1212,multiplicative weight update method
1213,multispectral imaging
1214,multispectral pattern recognition
1215,multivariate adaptive regression spline mar
1216,music artificial intelligence
1217,mutation
1218,mxnet
1219,mysteryvibe
1220,n gram
1221,naive baye
1222,naive baye classifier
1223,naive semantic
1224,name entity recognition
1225,name entity recognition ner
1226,name entity extraction
1227,name entity recognition
1228,nando de freita
1229,native language identification
1230,natural evolution strategy
1231,natural language
1232,natural language generation
1233,natural language interface
1234,natural language processing
1235,natural language processing nlp
1236,natural language processing organization
1237,natural language processing tool
1238,natural language programming
1239,natural language search
1240,natural language toolkit
1241,natural language toolkit nltk
1242,natural language understanding
1243,natural language user interface
1244,navigation system component
1245,near centroid classifier
1246,near neighbor algorithm
1247,near neighbor search
1248,near neighbor chain algorithm
1249,negobot
1250,neighbor join
1251,nest lab
1252,netbase solution
1253,netbase solution inc
1254,netminer
1255,netowl
1256,network control system
1257,neural designer
1258,neural engineering object
1259,neural lab
1260,neural modeling field
1261,neural network software
1262,neural network
1263,neural tur machine
1264,neuro laboratory
1265,neuroevolution
1266,neuroph
1267,neurosolution
1268,end language learning
1269,news analytic
1270,niki.ai
1271,nlp lean programming framework nlpf
1272,nlp toolkit
1273,nltk
1274,node
1275,noisy channel model
1276,noisy input cell
1277,noisy text analytic
1278,nominate
1279,non maximum suppression
1280,non negative matrix factorization
1281,non negative matrix factorization nmf
1282,nondeterministic polynomial
1283,nonlinear control
1284,nonlinear dimensionality reduction
1285,normalize cut segmentation
1286,nouvelle ai
1287,novelty detection
1288,nuisance variable
1289,numenta
1290,object counting monitoring
1291,object detection
1292,object recognition
1293,occam learning
1294,ofer dekel
1295,offline learning
1296,omek interactive
1297,class classification
1298,shot learning
1299,online machine learning
1300,online-translator.com
1301,onnx
1302,ontology
1303,ontology engineering
1304,ontology learning
1305,open domain question answering
1306,open mind common sense
1307,open source machine learning framework
1308,open source ai development tool
1309,openair
1310,opencog
1311,opennlp
1312,openris
1313,optical braille recognition
1314,optical character recognition
1315,optical character recognition ocr
1316,optical flow
1317,optical mark recognition
1318,optic algorithm
1319,optimal discriminant analysis
1320,optimality theory
1321,oracle datum mining
1322,orange
1323,order weight average aggregation operator
1324,ordinal classification
1325,ordinary square regression olsr
1326,ordination
1327,oren etzioni
1328,orientation assignment
1329,
1330,approach
1331,machine learn method problem
1332,software
1333,bag error
1334,output cell
1335,overfitt
1336,oxford english corpus
1337,pac learning
1338,pachinko allocation
1339,paco nathan
1340,pagerank
1341,parallel metaheuristic
1342,parity benchmark
1343,parity learning
1344,parlo broca
1345,parry
1346,parse
1347,speech tagging
1348,partial square regression plsr
1349,particle filtering
1350,particle swarm optimization
1351,path dependence
1352,pattern language
1353,pattern recognition
1354,pcbr
1355,pea performance environment actuator sensor
1356,pedestrian detection
1357,pedro domingo
1358,peltarion synapse
1359,people counter
1360,percept artificial intelligence
1361,perceptron
1362,perceptual computing
1363,perplexity
1364,persian speech corpus
1365,person influential machine learning
1366,peter flach
1367,philosophical view artificial consciousness
1368,philosophy_of_artificial_intelligence
1369,phrase structure grammar
1370,physical computing
1371,picas
1372,pierre baldi
1373,pietro perona
1374,pinhole camera model
1375,pipeline pilot
1376,piranha
1377,pitman yor process
1378,plate notation
1379,polynomial kernel
1380,pool cell
1381,pop music automation
1382,population process
1383,population base incremental learning
1384,portable format analytic
1385,pose cluster
1386,pose consistency
1387,pose estimation
1388,poseidon drown detection system
1389,posthumanism
1390,powerset company
1391,pragmatic
1392,predictive analytic
1393,predictive learning
1394,predictive model markup language
1395,predictive state representation
1396,preference learning
1397,preference regression
1398,prefrontal cortex basal ganglion work memory
1399,premature convergence
1400,prewitt
1401,principal component analysis pca
1402,principal component regression pcr
1403,principal geodesic analysis
1404,prior knowledge pattern recognition
1405,prisma
1406,proactive learning
1407,probabilistic action core
1408,probabilistic cell
1409,probabilistic classifier
1410,probabilistic context free grammar
1411,probabilistic context free grammar pcfg
1412,probabilistic latent semantic analysis
1413,probabilistic method
1414,probabilistic soft logic
1415,probability matching
1416,probably approximately correct learning pac
1417,probit model
1418,process mining
1419,product expert
1420,production computer science
1421,progol
1422,progress artificial intelligence
1423,project debater
1424,projection pursuit
1425,projective geometry
1426,propbank
1427,proper generalize decomposition
1428,proprietary machine learning framework
1429,proximal gradient method learn
1430,prune
1431,prune
1432,psipr
1433,psychology_and_ai
1434,pushmeet kohli
1435,pushpak bhattacharyya
1436,pvlv
1437,pyramid match kernel
1438,pyramid
1439,pytorch
1440,q methodology
1441,q learning
1442,qloo
1443,qrio
1444,quadratic classifier
1445,quadratic unconstrained binary optimization
1446,quantum artificial intelligence lab
1447,quantum machine learning
1448,query expansion
1449,query level feature
1450,question answering
1451,queue theory
1452,quick draw
1453,quickprop
1454,r
1455,racter
1456,rada mihalcea
1457,rademacher complexity
1458,radial basis
1459,radial basis function kernel
1460,radial basis function network
1461,radon transform
1462,rand index
1463,random forest
1464,random forest
1465,random indexing
1466,random projection
1467,random sample consensus ransac
1468,random subspace method
1469,randomization
1470,randomize weight majority algorithm
1471,rank svm
1472,rapidminer
1473,rasa nlu
1474,rattle gui
1475,ray kurzweil
1476,rayid ghani
1477,raymond cattell
1478,realization linguistic
1479,reasoning system
1480,recommendation system
1481,recurrent cell
1482,recurrent neural network
1483,recurrent neural network rnn
1484,recursive self improvement
1485,recursive transition network
1486,red light camera
1487,refer expression generation
1488,reflectance
1489,registration
1490,regression
1491,regression analysis
1492,regularization algorithm
1493,regularization perspective support vector machine
1494,regulus grammar compiler
1495,reification linguistic
1496,reinforcement learning
1497,relate nlp field
1498,relational datum mining
1499,relationship extraction
1500,relationship square
1501,relevance vector machine
1502,relief
1503,remote sensing
1504,renjin
1505,repeat incremental pruning produce error reduction ripper
1506,repertory grid
1507,representer theorem
1508,residual network
1509,restricted boltzmann machine
1510,retinex
1511,reverse image search
1512,reverso
1513,reward base selection
1514,rewrite rule
1515,richard zemel
1516,ridge detection
1517,ridge regression
1518,right explanation
1519,ripple rule
1520,robby garner
1521,robert cross
1522,roboearth
1523,robot learning
1524,robot localization
1525,robot mapping
1526,robot swarm
1527,robotic
1528,robust principal component analysis
1529,root
1530,rise
1531,rosoka toolkit
1532,ross quinlan
1533,rprop
1534,rule induction
1535,rule base machine learning
1536,rule base machine translation
1537,rule base system
1538,ruleml symposium
1539,rule extraction system family
1540,s voice
1541,salvatore j. stolfo
1542,sammon mapping
1543,sample complexity
1544,sample exclusion dimension
1545,santa fe trail problem
1546,sa
1547,savi technology
1548,scale space
1549,scale invariant feature detection
1550,scale invariant feature transform sift
1551,scale space axiom
1552,scale space extrema detection
1553,scantron corporation
1554,scene modeling
1555,scene recognition
1556,scene tracking
1557,schema
1558,scikit learn
1559,search
1560,search engine
1561,search engine optimization
1562,search base software engineering
1563,sebastian thrun
1564,second language acquisition
1565,selection
1566,self management computer science
1567,self organize map
1568,self organize map som
1569,self replicate machine
1570,self service semantic suite
1571,selmer bringsjord
1572,semantic analysis
1573,semantic analysis computational
1574,semantic analytic
1575,semantic compression
1576,semantic folding
1577,semantic mapping
1578,semantic network
1579,semantic neural network
1580,semantic web
1581,semeval
1582,semi supervised learning
1583,semidefinite embedding
1584,sense network
1585,sensorium project
1586,sentence breaking
1587,sentence extraction
1588,sentiment analysis
1589,sepp hochreiter
1590,sequence labeling
1591,sequential minimal optimization
1592,shade
1593,shallow parsing
1594,shane legg
1595,shatter set
1596,shi tomasi
1597,shogun
1598,sift
1599,sign linguistic
1600,silent speech interface
1601,silhouette
1602,simhash
1603,similarity learn
1604,similarity measure
1605,simple match coefficient
1606,simrank
1607,simsimi
1608,simultaneous localization mapping
1609,single linkage clustering
1610,singularitarism
1611,sinkov statistic
1612,siraj raval
1613,siri
1614,siri software
1615,situate ai
1616,skill chain
1617,slice inverse regression
1618,sliq
1619,smart camera
1620,smarterchild
1621,smartmatch
1622,snake ladder
1623,snn
1624,sobel
1625,soft computing
1626,soft independent modelling class analogy
1627,soft output viterbi algorithm
1628,software agent
1629,solomonof theory inductive inference
1630,solveit software
1631,spacy
1632,spam filtering
1633,sparse auto encoder
1634,sparse dictionary learning
1635,sparse pca
1636,speaker recognition
1637,speaktoit
1638,spectral clustering
1639,speech corpus
1640,speech generate device
1641,speech processing
1642,speech recognition
1643,speech segmentation
1644,speech synthesis
1645,speed robust feature surf
1646,spike slab variable selection
1647,spike hidden cell
1648,spl notation
1649,speak dialogue system
1650,spookitalk
1651,sprint
1652,spss modeler
1653,stability
1654,stack auto encoder
1655,stack generalization blend
1656,state action reward state action
1657,state action reward state action sarsa
1658,statistical ai
1659,statistical classification
1660,statistical learning
1661,statistical learning theory
1662,statistical machine translation
1663,statistical natural language processing
1664,statistical parsing
1665,statistical relational learning
1666,statistical semantic
1667,stefano soatto
1668,stem
1669,stem reduce inflect derive word word stem base root form
1670,stephen muggleton
1671,stephen wolfram
1672,stepwise regression
1673,steve omohundro
1674,stochastic block model
1675,stochastic cellular automaton
1676,stochastic context free grammar scfg
1677,stochastic diffusion search
1678,stochastic gradient descent
1679,stochastic grammar
1680,stochastic matrix
1681,stochastic universal sampling
1682,strategic planning
1683,stress majorization
1684,string kernel
1685,structural equation modeling
1686,structural risk minimization
1687,structure tensor
1688,structured knn
1689,structured prediction
1690,structured sparsity regularization
1691,structured support vector machine
1692,structure natural language processing
1693,stylistic
1694,sub symbolic
1695,subclass reachability
1696,subclu
1697,subfield machine learning
1698,subfield natural language processing
1699,subsumption architecture
1700,sufficient dimension reduction
1701,sukhoti algorithm
1702,sum absolute difference
1703,sum absolute transform difference
1704,superintelligence
1705,supervised learning
1706,support vector machine
1707,support vector machine
1708,surf
1709,surface patch
1710,susan
1711,sussman anomaly
1712,swarm intelligence
1713,switch kalman filter
1714,symbolic ai
1715,symbolic machine learn algorithm
1716,symbolic regression
1717,synchronous context free grammar
1718,syntactic pattern recognition
1719,systemic functional grammar sfg
1720,t distribute stochastic neighbor embedding
1721,t distribute stochastic neighbor embedding t sne
1722,t9 predictive text
1723,taguchi loss function
1724,tanagra
1725,tatoeba
1726,taxonomy
1727,taxonomy search engine
1728,td gammon
1729,teach dimension
1730,technological singularity
1731,telqas
1732,template matching
1733,temporal difference learning
1734,temporal difference learning td
1735,tensor processing unit
1736,tensorflow
1737,teragram corporation
1738,term frequency inverse document frequency tf idf
1739,terminology extraction
1740,teuvo kohonen
1741,text chunk
1742,text corpus
1743,text mining
1744,text normalization
1745,text retrieval conference
1746,text simplification
1747,text speech dialogue tsd
1748,text proofing
1749,text speech
1750,textblob
1751,textual case base reasoning
1752,textual entailment
1753,texture
1754,theano
1755,theory conjoint measurement
1756,thoma g. dietterich
1757,thurstonian model
1758,timeline arificial intelligence
1759,timeline natural language processing software
1760,timit
1761,tiptop technology
1762,tokenization
1763,tom m. mitchell
1764,tone mapping
1765,topic model
1766,topic model
1767,topic segmentation
1768,topio
1769,torch
1770,tournament selection
1771,traffic enforcement camera
1772,traffic sign recognition
1773,transderivational search
1774,transduction
1775,transfer learn
1776,transformation
1777,transhumanism
1778,transiogram
1779,translation
1780,translation memory
1781,translation software
1782,trax image recognition
1783,tree
1784,tree adjoin grammar tag
1785,trevor hastie
1786,trifocal tensor
1787,trigram
1788,trigram tagger
1789,triphone
1790,truecas
1791,truncation selection
1792,tucker decomposition
1793,type
1794,ugly duckling theorem
1795,uima
1796,ultra hal
1797,uncanny valley
1798,uncertain datum
1799,underwater computer vision
1800,uniform convergence
1801,unique negative dimension
1802,universal portfolio algorithm
1803,unl universal networking language
1804,unnamed combat aerial vehicle
1805,unsupervised learning
1806,upgma
1807,user behavior analytic
1808,user illusion
1809,invariant
1810,validation set
1811,vapnik chervonenkis theory
1812,variable kernel density estimation
1813,variable rule analysis
1814,variable order bayesian network
1815,variable order markov model
1816,variational auto encoder
1817,variational message pass
1818,varimax rotation
1819,vasant honavar
1820,vc dimension
1821,vc theory
1822,vector quantization
1823,vehicle infrastructure integration
1824,velocity moment
1825,verbot
1826,version space learning
1827,vicarious
1828,video content analysis
1829,video game ai
1830,video stabilization
1831,view engineering
1832,view synthesis
1833,vigra
1834,virtual intelligence
1835,virtual reality
1836,visage sdk
1837,vision processing unit
1838,visual perception
1839,visual positioning tracking
1840,visual recognition
1841,visual sensor network
1842,visual word
1843,viterbi algorithm
1844,viv
1845,vladimir vapnik
1846,vocabulary mismatch
1847,vowpal wabbit
1848,w shingling
1849,waca cluster algorithm
1850,waffle
1851,wake sleep algorithm
1852,walsh hadamard transform
1853,war method
1854,water remote sensing
1855,watson
1856,weaponization artificial intelligence
1857,weasel program
1858,weight majority algorithm
1859,wek classification tool
1860,weka
1861,wetware brain
1862,whiten transformation
1863,window base detection
1864,winnow
1865,win stay lose switch
1866,witness set
1867,wolfram language
1868,wolfram mathematica
1869,wolfram research
1870,word segmentation
1871,word sense disambiguation
1872,word sense induction
1873,word2vec
1874,wpgma
1875,writer invariant
1876,xgboost
1877,yahoo babel fish
1878,yann lecun
1879,yasuo matsuyama
1880,yooreeka
1881,yoshua bengio
1882,zeroth
1883,zoubin ghahramani
